id,player_name,games,time,goals,xG,assists,xA,shots,key_passes,yellow_cards,red_cards,position,team_title,npg,npxG,xGChain,xGBuildup
619,Sergio Agüero,8,556,8,6.78972826898098,2,2.011098399758339,30,11,0,0,F S,Manchester City,6,5.267427489161491,8.034887358546257,1.7718115579336882
702,Tammy Abraham,8,587,8,4.675963900983334,0,1.4257904905825853,26,9,2,0,F S,Chelsea,8,4.675963900983334,6.471099823713303,0.5100645329803228
318,Pierre-Emerick Aubameyang,8,720,7,4.354780748486519,0,0.7533116564154625,25,7,2,0,F M,Arsenal,7,4.354780748486519,5.140674352645874,1.751196876168251
618,Raheem Sterling,7,630,6,4.803916126489639,0,1.91305723041296,25,13,2,0,F M,Manchester City,6,4.803916126489639,9.079667329788208,3.1096909418702126
7696,Teemu Pukki,8,712,6,3.3240385688841343,2,2.5295225977897644,24,11,1,0,F,Norwich,6,3.3240385688841343,6.071987919509411,0.313298923894763
468,Callum Wilson,8,705,5,4.44083447009325,0,1.0201703943312168,14,12,1,0,F,Bournemouth,5,4.44083447009325,3.4234390258789062,0.19708456471562386
647,Harry Kane,8,717,5,3.6808775663375854,1,0.7523503303527832,24,6,0,0,F,Tottenham,4,2.919708728790283,4.760839344933629,1.1063312701880932
755,Jamie Vardy,8,720,5,2.1824500784277916,1,0.751547435298562,13,4,1,0,F,Leicester,5,2.1824500784277916,3.0846772864460945,0.1506797131150961
838,Sadio Mané,8,612,5,3.6048935055732727,1,1.438886072486639,19,13,0,0,F S,Liverpool,5,3.6048935055732727,5.712971419095993,1.3607873320579529
1250,Mohamed Salah,8,711,4,5.055672310292721,3,1.4176777824759483,26,16,0,0,F,Liverpool,3,4.2945034727454185,7.5888337418437,2.756876654922962
3635,Bernardo Silva,7,371,4,3.0778839215636253,1,1.6381445229053497,18,6,2,0,F M S,Manchester City,4,3.0778839215636253,6.833136022090912,3.270175214856863
4422,Ashley Barnes,8,662,4,2.594687769189477,0,0.08305046707391739,23,1,2,0,F,Burnley,4,2.594687769189477,2.6765756141394377,0.5530611462891102
6144,Sébastien Haller,7,630,4,4.238224592059851,1,0.46717123687267303,17,7,1,0,F,West Ham,4,4.238224592059851,4.1644620411098,0.7344208359718323
7724,Wesley,8,701,4,4.585606798529625,1,0.5398087222129107,17,5,0,0,F,Aston Villa,4,3.824437841773033,4.465956335887313,0.9097124161198735
7768,Mason Mount,8,712,4,2.8276297114789486,0,1.2276807446032763,20,17,0,0,F M,Chelsea,4,2.8276297114789486,6.51644366979599,3.376220442354679
482,Roberto Firmino,8,665,3,3.6337491646409035,3,2.99587731808424,24,11,0,0,F S,Liverpool,3,3.6337491646409035,7.006443850696087,1.188054632395506
556,Marcus Rashford,8,690,3,4.39095426350832,2,0.42251293174922466,21,10,1,0,F M,Manchester United,1,2.107447776943445,2.722177056595683,0.9018872510641813
672,Jordan Ayew,7,558,3,1.9581330381333828,0,0.3184542804956436,13,5,3,0,F,Crystal Palace,3,1.9581330381333828,2.528867796063423,0.9136578664183617
986,Danny Ings,8,454,3,2.45984536036849,1,0.4194621117785573,16,8,0,0,F M S,Southampton,3,2.45984536036849,2.7683990076184273,0.04200480505824089
3621,Neal Maupay,8,532,3,3.3619222044944763,0,0.5529389344155788,20,4,1,0,F S,Brighton,3,3.3619222044944763,3.711956411600113,0.9959258511662483
4456,Chris Wood,8,669,3,3.468657746911049,0,0.24798301793634892,13,4,0,0,F,Burnley,3,3.468657746911049,3.8032866921275854,1.1919351126998663
5595,Daniel James,8,644,3,1.2906377129256725,0,0.41379898227751255,16,3,3,0,M S,Manchester United,3,1.2906377129256725,2.000833559781313,0.6383387297391891
5596,Harry Wilson,7,486,3,0.9418974816799164,0,1.065751813352108,11,5,1,0,M S,Bournemouth,3,0.9418974816799164,2.299128867685795,1.4547493308782578
6274,Andriy Yarmolenko,7,469,3,0.6724266856908798,0,1.5346652250736952,11,9,1,0,M S,West Ham,3,0.6724266856908798,3.0954432040452957,1.093046486377716
7723,John McGinn,8,720,3,1.609467789530754,1,0.9360391385853291,24,11,1,0,M,Aston Villa,3,1.609467789530754,4.087001509964466,2.229218315333128
447,Kevin De Bruyne,7,541,2,1.9873594492673874,8,5.746933840215206,18,29,0,0,M S,Manchester City,2,1.9873594492673874,10.919567584991455,5.557299979031086
453,Son Heung-Min,6,498,2,1.0725020309910178,2,1.0735066197812557,17,11,0,0,F M,Tottenham,2,1.0725020309910178,3.768446147441864,1.8730301335453987
465,Joshua King,8,712,2,1.4079261869192123,2,1.1681386642158031,8,10,0,0,F M,Bournemouth,1,0.6467573270201683,2.0801478065550327,1.67696313560009
534,Aaron Cresswell,4,356,2,0.2222171053290367,0,0,5,0,0,0,D,West Ham,2,0.2222171053290367,1.0072578489780426,0.9593411684036255
553,Anthony Martial,3,270,2,1.1747564673423767,1,0.13510394841432571,8,2,1,0,F,Manchester United,2,1.1747564673423767,1.5141802579164505,0.3431285470724106
644,Erik Lamela,8,588,2,0.9883689768612385,1,0.833708243444562,11,12,2,0,M S,Tottenham,2,0.9883689768612385,3.7448842339217663,2.4639525339007378
730,Patrick van Aanholt,8,720,2,1.1171822436153889,0,0.13843461871147156,7,4,0,0,D,Crystal Palace,1,0.3560134060680866,1.019255899824202,0.8223430821672082
750,Riyad Mahrez,8,451,2,1.5881294570863247,3,3.9146247431635857,15,20,0,0,F M S,Manchester City,2,1.5881294570863247,10.275233708322048,5.437331609427929
751,N&#039;Golo Kanté,4,285,2,0.6649142056703568,0,0.041720252484083176,4,1,1,0,M S,Chelsea,2,0.6649142056703568,1.4919178634881973,0.8188084065914154
900,Adama Traoré,7,473,2,0.8342425413429737,1,1.0441624652594328,7,7,0,0,F M S,Wolverhampton Wanderers,2,0.8342425413429737,2.7893131375312805,1.0795152178034186
1746,Jeff Hendrick,5,302,2,0.3166201338171959,0,0.10480475425720215,6,1,1,0,M S,Burnley,2,0.3166201338171959,0.8304276503622532,0.5822897925972939
3277,Alexandre Lacazette,3,148,2,0.9415156543254852,0,0.16811975091695786,8,2,1,0,F S,Arsenal,2,0.9415156543254852,0.8217384219169617,0.40562210977077484
3303,Ricardo Pereira,8,720,2,0.532918794080615,0,0.2215095181018114,5,5,0,0,D,Leicester,2,0.532918794080615,2.4138747081160545,1.8356340751051903
4105,Raúl Jiménez,8,684,2,2.266924001276493,2,1.758478406816721,18,11,1,0,F,Wolverhampton Wanderers,1,1.5057551339268684,3.7166733369231224,1.0714311599731445
5543,Gabriel Jesus,5,209,2,1.7342038117349148,1,0.02623964473605156,14,1,0,0,F S,Manchester City,2,1.7342038117349148,2.067038055509329,0.39980144798755646
5545,Wilfred Ndidi,7,630,2,0.4948907233774662,0,0.11844820901751518,6,4,1,0,M,Leicester,2,0.4948907233774662,1.6794804818928242,1.3601735942065716
5555,Dominic Calvert-Lewin,7,486,2,2.7057038098573685,0,0.01672908291220665,9,1,1,0,F S,Everton,2,2.7057038098573685,2.768843274563551,0.19607985205948353
5612,Anwar El Ghazi,7,495,2,1.6052928809076548,3,1.3811389654874802,18,8,0,0,F M S,Aston Villa,2,1.6052928809076548,2.8424339164048433,0.6784663833677769
5962,Tanguy NDombele Alvaro,6,424,2,0.21726076677441597,1,0.17859643884003162,4,4,0,0,M S,Tottenham,2,0.21726076677441597,0.9200286231935024,0.6985504925251007
6026,Richarlison,8,678,2,1.8091587480157614,1,1.3495204839855433,21,7,1,0,M,Everton,2,1.8091587480157614,3.344807965680957,1.1004272475838661
6122,Douglas Luiz,6,276,2,0.14765546843409538,0,0.43527112528681755,4,3,1,0,M S,Aston Villa,2,0.14765546843409538,0.6903461217880249,0.6061079185456038
6818,James Maddison,7,627,2,1.7658604234457016,2,1.0401810258626938,21,11,1,0,M,Leicester,2,1.7658604234457016,2.6872236281633377,0.7860203124582767
7695,Todd Cantwell,8,697,2,3.2696777135133743,2,1.0133094266057014,13,13,1,0,M,Norwich,2,3.2696777135133743,4.965921238064766,0.8605266194790602
7701,Moussa Djenepo,3,120,2,0.49976517260074615,0,0.3415261507034302,4,1,2,0,M S,Southampton,2,0.49976517260074615,1.7575869709253311,0.9162957072257996
7991,Aaron Connolly,5,155,2,1.6336933970451355,0,0.10488880425691605,9,2,0,0,F S,Brighton,2,1.6336933970451355,1.7667354941368103,0.04346650093793869
76,Fabian Schär,8,711,1,0.7773373462259769,0,0,11,0,2,0,D,Newcastle United,1,0.7773373462259769,0.9526002332568169,0.46031355299055576
87,Joelinton,8,643,1,1.322569228708744,0,0.509857177734375,13,9,2,0,F,Newcastle United,1,1.322569228708744,2.53907423466444,1.296323798596859
111,Jannik Vestergaard,7,622,1,0.39224645867943764,0,0.7267072796821594,7,5,1,0,D,Southampton,1,0.39224645867943764,2.3059943467378616,2.186224117875099
191,Chicharito,2,107,1,0.8829848766326904,0,0,3,0,0,0,F S,West Ham,1,0.8829848766326904,0.8958585262298584,0.07047868520021439
209,Josip Drmic,6,58,1,0.8403596132993698,0,0,3,0,0,0,S,Norwich,1,0.8403596132993698,0.8122737407684326,0
332,Joel Matip,6,540,1,0.1732353027909994,0,0.015664158388972282,3,1,0,0,D,Liverpool,1,0.1732353027909994,1.1937474347651005,1.1780832763761282
484,Divock Origi,6,161,1,0.3935505412518978,0,0.20035703480243683,3,3,0,0,F S,Liverpool,1,0.3935505412518978,0.8796083554625511,0.4123918302357197
489,James Milner,7,216,1,1.267299823462963,2,0.504887655377388,7,4,1,0,M S,Liverpool,0,0.5061309561133385,1.4915797412395477,1.01492378115654
500,Alex Iwobi,6,390,1,1.394509106874466,0,0.29086315631866455,9,6,0,0,M S,Everton,1,1.394509106874466,2.432326003909111,0.874303862452507
508,Calum Chambers,4,311,1,0.26882848143577576,0,1.1481860987842083,5,3,1,0,D S,Arsenal,1,0.26882848143577576,2.020041048526764,1.1175811514258385
533,Mark Noble,6,527,1,0.9916354566812515,0,0.18989157676696777,6,4,2,0,M,West Ham,0,0.23046661913394928,2.521306946873665,2.3381855487823486
579,Nathan Aké,8,720,1,0.9944423660635948,1,1.2722097039222717,9,4,1,0,D,Bournemouth,1,0.9944423660635948,0.8002915494143963,0.5343605913221836
596,Tom Cleverley,7,549,1,1.6930489614605904,0,0.6229856535792351,15,13,0,0,M S,Watford,1,1.6930489614605904,4.4138478115201,2.441903382539749
611,Nicolás Otamendi,7,606,1,1.3633235767483711,0,0.0514519764110446,9,2,2,0,D,Manchester City,1,1.3633235767483711,5.750521421432495,5.7130446434021
617,David Silva,8,489,1,2.2579025328159332,4,1.8296824283897877,11,9,0,0,M S,Manchester City,1,2.2579025328159332,8.000483274459839,4.234367221593857
646,Christian Eriksen,8,508,1,1.1285357289016247,1,1.6516559775918722,14,13,2,0,M S,Tottenham,1,1.1285357289016247,2.796732759103179,1.2371519822627306
675,Jack Grealish,8,720,1,1.545132391154766,2,2.102698866277933,15,20,2,0,F M,Aston Villa,1,1.545132391154766,5.676434930413961,3.2575778514146805
700,Willian,7,411,1,0.54073241725564,1,0.8028258550912142,12,4,0,0,F M S,Chelsea,1,0.54073241725564,3.38947032392025,2.8477583825588226
703,Fikayo Tomori,5,450,1,0.047828041948378086,0,0.07099990546703339,2,2,1,0,D,Chelsea,1,0.047828041948378086,3.4284040480852127,3.406124070286751
769,Jonjo Shelvey,4,310,1,0.19791331607848406,0,0.5355294644832611,6,7,0,0,M,Newcastle United,1,0.19791331607848406,0.8324948213994503,0.5067394226789474
771,Georginio Wijnaldum,8,688,1,0.5496958345174789,0,0.018075916916131973,11,1,0,0,M,Liverpool,1,0.5496958345174789,3.4877241365611553,3.021326057612896
775,Andros Townsend,7,284,1,0.16254818812012672,0,0.2594540938735008,3,3,0,0,M S,Crystal Palace,1,0.16254818812012672,0.48805084452033043,0.15268942713737488
790,Nathan Redmond,6,533,1,1.4528937935829163,0,0.7110525667667389,16,8,0,0,F M,Southampton,1,1.4528937935829163,2.8427256383001804,1.1296268105506897
833,Virgil van Dijk,8,720,1,0.21574070304632187,0,0.28901439905166626,7,1,0,0,D,Liverpool,1,0.21574070304632187,2.8655716944485903,2.84109278395772
843,James Ward-Prowse,8,720,1,1.402322381734848,0,1.1326140724122524,13,12,1,0,M,Southampton,0,0.6411535441875458,3.5139891393482685,2.72273126244545
844,Jay Rodriguez,8,146,1,0.8836614172905684,0,0.08875156939029694,4,1,1,0,S,Burnley,1,0.8836614172905684,1.016533225774765,0.06827950477600098
1227,Lucas Torreira,7,196,1,0.7550722695887089,0,0.19591466337442398,7,4,0,0,M S,Arsenal,1,0.7550722695887089,0.9726425409317017,0.2383122369647026
1389,Jorginho,8,687,1,0.8912301529198885,1,1.41983185056597,6,9,4,0,M,Chelsea,0,0.13006128929555416,7.2309443056583405,6.764030396938324
1660,Andre Gray,8,395,1,1.3251224905252457,0,1.7131446246057749,12,7,0,0,F S,Watford,1,1.3251224905252457,3.151981435716152,0.21818312257528305
1663,Johann Berg Gudmundsson,4,317,1,0.3450343981385231,0,0.5287818387150764,6,7,0,0,M,Burnley,1,0.3450343981385231,0.5418467298150063,0.1759263165295124
1676,David Luiz,7,630,1,0.1841808743774891,0,0,5,0,2,0,D,Arsenal,1,0.1841808743774891,2.214275795966387,2.214275795966387
1678,Michy Batshuayi,5,36,1,1.8967068009078503,1,0.11061659455299377,8,1,0,0,S,Chelsea,1,1.8967068009078503,1.792932491749525,0
1683,Ryan Fraser,7,442,1,0.6773523651063442,1,0.5827306993305683,7,7,1,0,M S,Bournemouth,1,0.6773523651063442,1.1744087301194668,0.37474435567855835
1723,Roberto Pereyra,7,435,1,1.4064849819988012,0,0.9434345439076424,10,9,1,0,M S,Watford,0,0.6453161146491766,1.7287812530994415,0.3665367793291807
1736,Oliver McBurnie,8,460,1,1.0324448877945542,0,0.4216942936182022,9,3,2,0,F S,Sheffield United,1,1.0324448877945542,1.5010051801800728,0.9178826436400414
1748,Lys Mousset,5,110,1,0.6161243636161089,0,0.02543010003864765,4,1,0,0,S,Sheffield United,1,0.6161243636161089,1.3863533660769463,0.7447989024221897
1791,Trent Alexander-Arnold,8,720,1,1.2135072015225887,2,3.538730174303055,9,28,2,0,D,Liverpool,1,1.2135072015225887,4.984084391966462,1.8545698318630457
2496,Rodri,8,646,1,0.22994625382125378,0,0.9771485552191734,6,13,2,0,M S,Manchester City,1,0.22994625382125378,7.085460111498833,6.506958469748497
3293,Lucas Moura,6,226,1,1.0216283909976482,1,0.3793173059821129,11,4,0,0,F M S,Tottenham,1,1.0216283909976482,2.0582802295684814,0.9178057461977005
3491,Romain Saiss,6,335,1,1.070218762382865,0,0,3,0,1,1,D M S,Wolverhampton Wanderers,1,1.070218762382865,0.9593584463000298,0.36967186629772186
4068,Florin Andone,3,69,1,0.36459624767303467,0,0.058196283876895905,1,1,0,1,F S,Brighton,1,0.36459624767303467,0.36459624767303467,0
4476,Callum Robinson,8,495,1,1.561250001192093,0,0,12,0,0,0,F S,Sheffield United,1,1.561250001192093,1.6535951737314463,0.17247955594211817
4918,Patrick Cutrone,7,214,1,2.0609421730041504,0,0.46160048246383667,8,1,0,0,F S,Wolverhampton Wanderers,1,2.0609421730041504,2.0609421730041504,0
5549,Luka Milivojevic,7,630,1,0.9305753521621227,0,0.7819081041961908,6,13,5,0,M,Crystal Palace,0,0.16940651461482048,1.0910699255764484,0.7933935057371855
5560,Scott McTominay,8,714,1,0.8311936371028423,1,1.0110035557299852,13,6,1,0,M,Manchester United,1,0.8311936371028423,2.5794856250286102,2.0526527743786573
5656,Nicolas Pepe,8,561,1,2.239626817405224,2,1.2128882817924023,21,12,1,0,F M S,Arsenal,0,1.478458009660244,3.7697336971759796,1.599112194031477
5956,Youri Tielemans,8,717,1,1.1491401717066765,1,0.9309889115393162,18,10,0,0,M,Leicester,1,1.1491401717066765,3.686879102140665,1.761824238114059
6104,Will Hughes,6,438,1,1.463939644396305,1,0.3332834392786026,6,5,0,0,M,Watford,1,1.463939644396305,2.5470740776509047,0.8960157837718725
6143,Jetro Willems,5,387,1,0.11202629562467337,1,0.09323707269504666,4,5,0,0,D S,Newcastle United,1,0.11202629562467337,0.7556555569171906,0.5625522946938872
6681,Harvey Barnes,7,341,1,0.39137048460543156,1,0.7221112586557865,7,5,0,0,M S,Leicester,1,0.39137048460543156,1.4043916687369347,0.8815878555178642
6852,Matt Doherty,7,415,1,1.2630068501457572,0,0.02171793021261692,4,1,0,0,M S,Wolverhampton Wanderers,1,1.2630068501457572,1.7523436062037945,0.5013162326067686
6853,Rúben Neves,8,561,1,0.1706007495522499,0,0.30566777288913727,10,3,3,0,M S,Wolverhampton Wanderers,1,0.1706007495522499,1.8128056731075048,1.417785132303834
6854,Diogo Jota,6,454,1,1.3074528388679028,0,0.2176083456724882,11,4,0,0,F S,Wolverhampton Wanderers,1,1.3074528388679028,2.2258680015802383,0.7765419092029333
7063,Bernard,6,332,1,0.23896325379610062,0,0.25579292699694633,3,5,2,0,M S,Everton,1,0.23896325379610062,0.9221091717481613,0.4595818780362606
7384,Chris Mepham,4,271,1,0.6975124478340149,0,0,2,0,0,0,D S,Bournemouth,1,0.6975124478340149,0.10590881109237671,0.027510225772857666
7693,Kenny McLean,7,466,1,0.07312809210270643,0,0.5284395515918732,2,3,1,0,M S,Norwich,1,0.07312809210270643,2.022817552089691,1.5022963713854551
7698,Leandro Trossard,3,254,1,1.2721339277923107,0,0.5393354892730713,8,7,0,0,F,Brighton,1,1.2721339277923107,2.4104977548122406,0.9579340517520905
7708,John Lundstram,8,692,1,1.1932925991714,1,1.7098849937319756,8,8,3,0,M,Sheffield United,1,1.1932925991714,3.7611905112862587,2.085815327242017
7712,Billy Sharp,4,81,1,0.7662742137908936,0,1.0709125697612762,1,4,0,1,S,Sheffield United,1,0.7662742137908936,1.1250689625740051,0.05415642634034157
7721,Conor Hourihane,5,273,1,0.32131271436810493,1,0.8326087631285191,6,7,1,0,M S,Aston Villa,1,0.32131271436810493,1.1889600958675146,0.30200389586389065
8016,Matthew Longstaff,1,90,1,0.05994679406285286,0,0.0786692351102829,2,1,0,0,M,Newcastle United,1,0.05994679406285286,0.13861602544784546,0.03029070422053337
12,Mario Vrancic,2,11,0,0.11041063815355301,0,0.09791752696037292,1,1,0,0,S,Norwich,0,0.11041063815355301,0.20832817256450653,0.11041063815355301
47,Yoshinori Muto,5,92,0,0.08367183804512024,0,0,1,0,0,0,M S,Newcastle United,0,0.08367183804512024,0.19278991036117077,0.10911807231605053
101,Allan Saint-Maximin,4,138,0,0.08733299002051353,0,0.18290389329195023,4,3,0,0,M S,Newcastle United,0,0.08733299002051353,0.32797764241695404,0.08040780574083328
181,Bernd Leno,8,720,0,0,0,0,0,0,2,0,GK,Arsenal,0,0,0.6654018461704254,0.6654018461704254
200,Andreas Christensen,6,491,0,0.2790294587612152,0,0.3171480894088745,1,1,2,0,D,Chelsea,0,0.2790294587612152,1.336799331009388,1.0196512416005135
204,Granit Xhaka,7,615,0,0.07079490274190903,0,0.2306901030242443,4,6,4,0,M,Arsenal,0,0.07079490274190903,3.643195152282715,3.4659154415130615
239,Pascal Groß,8,531,0,0.5426706299185753,0,2.185381293296814,10,20,0,0,F M S,Brighton,0,0.5426706299185753,3.422035302966833,2.207513052970171
314,Ilkay Gündogan,7,419,0,1.200492225587368,0,0.21345814131200314,7,7,1,0,M S,Manchester City,0,1.200492225587368,3.573997937142849,2.5987708568573
317,Henrikh Mkhitaryan,3,109,0,0.4295179098844528,0,0.2743019759654999,2,2,1,0,M S,Arsenal,0,0.4295179098844528,0.8670729100704193,0.29007071256637573
330,Ralf Fährmann,1,21,0,0,0,0,0,0,0,0,GK,Norwich,0,0,0,0
338,Max Meyer,3,159,0,0.22769547998905182,0,0,3,0,1,0,M S,Crystal Palace,0,0.22769547998905182,0.26367054134607315,0.11741910129785538
342,Sead Kolasinac,6,468,0,0.14246419072151184,1,0.3199184611439705,1,5,1,0,D S,Arsenal,0,0.14246419072151184,3.400969058275223,3.1034992039203644
343,Pierre-Emile Højbjerg,8,644,0,0.8738039471209049,0,0.203593990765512,12,6,1,0,M S,Southampton,0,0.8738039471209049,2.691740732640028,1.9204352125525475
371,Sokratis,8,720,0,0.087061308324337,0,0.7529756426811218,1,2,1,0,D,Arsenal,0,0.087061308324337,1.684697438031435,1.684697438031435
456,Simon Francis,2,10,0,0,0,0,0,0,0,0,S,Bournemouth,0,0,0,0
458,Steve Cook,8,720,0,0.1188388504087925,0,0.1680629588663578,2,2,1,0,D,Bournemouth,0,0.1188388504087925,0.4507566839456558,0.3363243043422699
459,Charlie Daniels,2,126,0,0,0,0.14172236621379852,0,2,0,0,D,Bournemouth,0,0,0.4943442642688751,0.418497234582901
460,Andrew Surman,3,50,0,0,0,0,0,0,0,0,S,Bournemouth,0,0,0.40253185853362083,0.40253185853362083
461,Matt Ritchie,3,270,0,0.06766625493764877,0,0.3806598000228405,3,7,1,0,D M,Newcastle United,0,0.06766625493764877,0.6054232083261013,0.29202429205179214
481,Jordon Ibe,2,39,0,0,0,0,0,0,0,0,S,Bournemouth,0,0,0.021998491138219833,0.021998491138219833
485,Mamadou Sakho,3,190,0,0,0,0.029572835192084312,0,1,0,0,D S,Crystal Palace,0,0,0.21605688333511353,0.18648404628038406
486,Adam Lallana,3,6,0,0,0,0,0,0,0,0,S,Liverpool,0,0,0,0
495,Nacho Monreal,3,270,0,0.04398033022880554,0,0.45943301916122437,1,3,0,0,D,Arsenal,0,0.04398033022880554,0.6670906580984592,0.5824294127523899
499,Mesut Özil,1,73,0,0,0,0.01569896750152111,0,1,0,0,M,Arsenal,0,0,0.6436079740524292,0.6279090046882629
501,Danny Welbeck,4,200,0,0.6208017915487289,0,0.03571087308228016,5,2,0,0,F S,Watford,0,0.6208017915487289,0.662718066945672,0.03987191617488861
502,Olivier Giroud,3,98,0,0.03834202513098717,0,0.7464059367775917,1,4,0,0,F S,Chelsea,0,0.03834202513098717,0.8996430113911629,0.11489501595497131
503,Theo Walcott,5,65,0,0.5389730967581272,0,0,4,0,0,0,M S,Everton,0,0.5389730967581272,0.5605953885242343,0.061630070209503174
510,Joel Ward,8,720,0,0.11130337044596672,0,0.0794455073773861,2,2,2,0,D,Crystal Palace,0,0.11130337044596672,0.5738891288638115,0.4712587706744671
512,Scott Dann,2,180,0,0.06846261024475098,0,0,1,0,0,0,D,Crystal Palace,0,0.06846261024475098,0,0
519,Connor Wickham,2,9,0,0,0,0,0,0,0,0,S,Crystal Palace,0,0,0,0
522,Wilfried Zaha,8,652,0,1.0470617152750492,1,1.0815528091043234,14,8,1,0,F M S,Crystal Palace,0,1.0470617152750492,2.4450515508651733,0.6048587765544653
524,Adrian Mariappa,1,90,0,0,0,0,0,0,0,0,D,Watford,0,0,0.05731036141514778,0.05731036141514778
525,Martin Kelly,6,530,0,0,1,0.5984230041503906,0,1,0,0,D,Crystal Palace,0,0,0.10610613785684109,0.10610613785684109
527,Adrián,8,682,0,0,0,0,0,0,1,0,GK S,Liverpool,0,0,1.8042719885706902,1.8042719885706902
528,Angelo Ogbonna,7,630,0,0.10612199548631907,0,0,2,0,2,0,D,West Ham,0,0.10612199548631907,1.1167676262557507,1.1167676262557507
531,Michail Antonio,3,121,0,0.9384381175041199,0,0.11206930503249168,5,2,0,0,M S,West Ham,0,0.9384381175041199,0.680394746363163,0.16257329657673836
532,Cheikhou Kouyaté,6,509,0,0.45778729766607285,0,0.06549563445150852,10,2,1,0,M,Crystal Palace,0,0.45778729766607285,0.5524655235931277,0.34844378288835287
535,Manuel Lanzini,7,539,0,0.9543189750984311,1,1.055469412356615,10,17,0,0,M S,West Ham,0,0.9543189750984311,2.786163456737995,1.6697768867015839
537,Andy Carroll,3,63,0,0.0786692351102829,0,0.022286413237452507,1,1,0,0,S,Newcastle United,0,0.0786692351102829,0.14462918601930141,0.04367353394627571
546,David de Gea,8,720,0,0,0,0,0,0,0,0,GK,Manchester United,0,0,0.2544531971216202,0.2544531971216202
550,Marcos Rojo,1,28,0,0.13206884264945984,0,0,1,0,1,0,S,Manchester United,0,0.13206884264945984,0.014940571039915085,0.014940571039915085
551,Morgan Schneiderlin,6,489,0,0.08791737258434296,0,0.05741380155086517,2,2,2,1,M,Everton,0,0.08791737258434296,0.991635512560606,0.8789944592863321
554,Juan Mata,7,303,0,0.6979439184069633,0,0.2353110108524561,4,5,1,0,M S,Manchester United,0,0.6979439184069633,1.330397479236126,0.5840280950069427
558,Jesse Lingard,6,355,0,0.09978103637695312,0,0.09633498173207045,3,4,2,0,M S,Manchester United,0,0.09978103637695312,1.5781715288758278,1.3820554502308369
566,Sebastian Prödl,1,57,0,0.057957686483860016,0,0,2,0,0,0,D,Watford,0,0.057957686483860016,0,0
568,José Holebas,7,620,0,0.19067766144871712,0,0.34300028532743454,4,7,4,0,D,Watford,0,0.19067766144871712,1.9762586746364832,1.71160957403481
572,Etienne Capoue,6,535,0,0.0737812565639615,0,0.17499056458473206,5,2,2,0,M,Watford,0,0.0737812565639615,3.019981788471341,2.8268985338509083
574,Troy Deeney,2,180,0,0.5097333416342735,0,0.11659820191562176,3,2,0,0,F,Watford,0,0.5097333416342735,0.6419643312692642,0.1097937673330307
581,Craig Cathcart,6,540,0,0,0,0,0,0,1,0,D,Watford,0,0,1.3283927459269762,1.3283927459269762
585,Seamus Coleman,8,671,0,0.6999394185841084,1,1.3291777186095715,4,5,2,1,D,Everton,0,0.6999394185841084,2.9219907224178314,1.3704198244959116
586,John Stones,2,180,0,0,0,0.041717249900102615,0,1,0,0,D,Manchester City,0,0,1.0531449913978577,1.0531449913978577
587,Phil Jagielka,2,25,0,0,0,0,0,0,0,0,S,Sheffield United,0,0,0,0
589,James McCarthy,6,128,0,0.010351208969950676,0,0.12032800912857056,1,2,1,0,M S,Crystal Palace,0,0.010351208969950676,0.7296117395162582,0.7192605584859848
591,Gerard Deulofeu,8,463,0,1.0617868229746819,1,1.5423530489206314,19,14,1,0,F M S,Watford,0,1.0617868229746819,3.7723019681870937,1.746899675577879
592,Ross Barkley,5,298,0,1.1693329215049744,0,1.6772652324289083,15,10,0,0,M S,Chelsea,0,1.1693329215049744,4.290752060711384,2.571742534637451
593,Aaron Lennon,7,205,0,0.024231426417827606,0,0,1,0,2,0,M S,Burnley,0,0.024231426417827606,0.13288184627890587,0.10865041986107826
602,Dejan Lovren,1,90,0,0.05787208676338196,0,0,1,0,0,0,D,Liverpool,0,0.05787208676338196,0.5272903442382812,0.5272903442382812
605,Jordan Henderson,7,415,0,0.2687455490231514,0,0.12072008103132248,3,2,0,0,M S,Liverpool,0,0.2687455490231514,0.8253480195999146,0.4724152162671089
606,Christian Benteke,7,227,0,0.4014875814318657,0,1.083375982940197,5,5,1,0,F S,Crystal Palace,0,0.4014875814318657,1.6155757308006287,0.190499447286129
610,Pablo Zabaleta,3,32,0,0,0,0,0,0,0,0,S,West Ham,0,0,0,0
614,Fernandinho,4,324,0,0.022437099367380142,0,0.04038470983505249,1,1,1,0,D S,Manchester City,0,0.022437099367380142,3.084566354751587,3.084566354751587
631,Ashley Young,6,505,0,0.08267359249293804,0,1.5189381763339043,3,16,3,0,D S,Manchester United,0,0.08267359249293804,1.1837972793728113,1.0361760947853327
633,James McArthur,7,611,0,0.5473472056910396,0,0.4882434010505676,5,7,1,0,M,Crystal Palace,0,0.5473472056910396,1.3750932300463319,0.5098311211913824
637,Hugo Lloris,7,548,0,0,0,0,0,0,0,0,GK,Tottenham,0,0,0.3107330985367298,0.3107330985367298
638,Kyle Walker,8,645,0,0.10212164744734764,1,0.4819970428943634,4,5,2,0,D,Manchester City,0,0.10212164744734764,5.6906213611364365,5.455407336354256
639,Toby Alderweireld,8,720,0,0.0604679249227047,1,0.12696152180433273,2,3,0,0,D,Tottenham,0,0.0604679249227047,2.395900994539261,2.3373844921588898
640,Jan Vertonghen,5,450,0,0,0,0,0,0,1,0,D,Tottenham,0,0,0.7665878385305405,0.7665878385305405
641,Danny Rose,7,618,0,0.017993953078985214,0,0.628858583047986,1,9,3,0,D,Tottenham,0,0.017993953078985214,1.4310879912227392,1.1922948863357306
643,Eric Dier,2,99,0,0.34582579135894775,0,0.01463207509368658,1,1,1,0,M S,Tottenham,0,0.34582579135894775,0.36045786645263433,0
645,Dele Alli,1,28,0,0,0,0,0,0,0,0,S,Tottenham,0,0,0.1254478096961975,0.1254478096961975
660,Ben Davies,3,103,0,0.025444841012358665,0,0,1,0,0,0,D S,Tottenham,0,0.025444841012358665,0.22109579294919968,0.19565095007419586
667,Carlos Sánchez,3,9,0,0,0,0,0,0,0,0,S,West Ham,0,0,0.08002863079309464,0.08002863079309464
669,Ashley Westwood,8,720,0,0.40852179005742073,2,1.8711799243465066,4,15,3,0,M,Burnley,0,0.40852179005742073,2.5389975756406784,1.4213051348924637
681,César Azpilicueta,8,720,0,0.07865171879529953,2,1.5360556840896606,2,12,0,0,D M,Chelsea,0,0.07865171879529953,5.053825996816158,3.845335453748703
687,Pedro,3,244,0,1.2285369411110878,0,0.30781879648566246,10,8,0,0,F M,Chelsea,0,1.2285369411110878,2.371472716331482,0.8445011526346207
697,Nemanja Matic,3,161,0,0.12600949592888355,0,0,3,0,0,0,M S,Manchester United,0,0.12600949592888355,0.32575232721865177,0.19974283128976822
699,Gary Cahill,6,540,0,0.28428893256932497,0,0.06804173812270164,6,2,1,0,D,Crystal Palace,0,0.28428893256932497,0.5364605411887169,0.5364605411887169
706,Lukasz Fabianski,7,573,0,0,0,0,0,0,0,0,GK,West Ham,0,0,0.15159176290035248,0.15159176290035248
708,Federico Fernández,3,14,0,0,0,0,0,0,0,0,S,Newcastle United,0,0,0.10753033310174942,0.10753033310174942
710,Neil Taylor,7,566,0,0.09513824433088303,0,0.0630219355225563,2,1,1,0,D S,Aston Villa,0,0.09513824433088303,2.148193558678031,1.990033408626914
712,Jack Cork,7,577,0,0.3507389575242996,0,0.1409725844860077,5,4,0,0,M,Burnley,0,0.3507389575242996,1.9368538483977318,1.8880949895828962
714,Gylfi Sigurdsson,8,640,0,1.1013023569248617,1,2.3241608925163746,15,22,0,0,M,Everton,0,1.1013023569248617,2.806254915893078,0.8208683356642723
723,Ki Sung-yueng,3,137,0,0,0,0.05511658266186714,0,2,0,0,M S,Newcastle United,0,0,0.04251881316304207,0
727,DeAndre Yedlin,2,103,0,0,0,0,0,0,1,0,D S,Newcastle United,0,0,0.11493775248527527,0.11493775248527527
741,Jordan Pickford,8,720,0,0,0,0,0,0,0,0,GK,Everton,0,0,0.312763299793005,0.312763299793005
745,Kasper Schmeichel,8,720,0,0,0,0.18576166033744812,0,1,0,0,GK,Leicester,0,0,0.27796027436852455,0.09219861403107643
748,Wes Morgan,1,11,0,0,0,0,0,0,0,0,S,Leicester,0,0,0,0
749,Christian Fuchs,3,181,0,0.06797040719538927,0,0.10093383491039276,2,2,0,0,D S,Leicester,0,0.06797040719538927,0.6979505121707916,0.6210882067680359
753,Marc Albrighton,5,160,0,0.10926578566431999,1,0.8212110958993435,3,7,1,0,M S,Leicester,0,0.10926578566431999,1.1363592967391014,0.28247126936912537
757,Jeffrey Schlupp,7,552,0,1.3184613194316626,1,0.8006787626072764,9,5,1,0,F M S,Crystal Palace,0,1.3184613194316626,2.455812320113182,0.6646139025688171
762,Demarai Gray,4,101,0,0.27911500819027424,0,0.4813300855457783,3,3,1,0,M S,Leicester,0,0.27911500819027424,0.8298323825001717,0.10561620816588402
764,Daryl Janmaat,4,280,0,0.05754386819899082,0,0.05277728661894798,2,3,0,0,D M S,Watford,0,0.05754386819899082,0.9310328494757414,0.8867668583989143
766,Jamaal Lascelles,8,715,0,0.1124098114669323,0,0.03229285776615143,2,1,0,0,D,Newcastle United,0,0.1124098114669323,0.46410710364580154,0.46410710364580154
770,Ayoze Pérez,7,440,0,0.7135463617742062,1,0.22503531724214554,5,5,0,0,F M S,Leicester,0,0.7135463617742062,1.8318333327770233,1.0654718205332756
772,Moussa Sissoko,8,700,0,0.5349322557449341,1,0.8537855893373489,6,4,1,0,D M,Tottenham,0,0.5349322557449341,3.83607192710042,2.917744841426611
782,Ben Chilwell,6,540,0,0.03907865285873413,1,0.4498655702918768,2,5,1,0,D,Leicester,0,0.03907865285873413,2.3984936885535717,2.11871125921607
787,Ryan Bennett,5,438,0,0.02391529269516468,0,0.09054247103631496,1,2,2,0,D S,Wolverhampton Wanderers,0,0.02391529269516468,0.7150196265429258,0.6244771387428045
789,Robbie Brady,2,6,0,0,0,0,0,0,0,0,S,Burnley,0,0,0,0
791,Alexander Tettey,3,103,0,0,0,0,0,0,0,0,M S,Norwich,0,0,0.7983260452747345,0.7983260452747345
803,Ben Foster,8,720,0,0,0,0.03670657053589821,0,1,0,0,GK,Watford,0,0,0.30048413574695587,0.26377756148576736
804,Craig Dawson,8,663,0,0.6929934956133366,0,0,7,0,1,0,D S,Watford,0,0.6929934956133366,1.1951245218515396,1.1951245218515396
807,Jonny Evans,8,720,0,0.11139756441116333,1,0.12718284130096436,1,1,1,0,D,Leicester,0,0.11139756441116333,1.3631568402051926,1.2359739989042282
825,Adam Smith,4,321,0,0.6487365737557411,0,0,2,0,1,0,D M,Bournemouth,0,0.6487365737557411,1.1919715628027916,0.5432349592447281
835,Ryan Bertrand,5,391,0,0.0967085212469101,0,0.38825831934809685,1,6,0,0,D M S,Southampton,0,0.0967085212469101,0.8417968163266778,0.6753718415275216
836,Victor Wanyama,2,21,0,0,0,0,0,0,1,0,S,Tottenham,0,0,0.12857069075107574,0.12857069075107574
839,Shane Long,4,103,0,0,0,0,0,0,0,0,F S,Southampton,0,0,0.020441312342882156,0.020441312342882156
842,Oriol Romeu,8,696,0,0.12581687234342098,0,0.41072608157992363,4,6,2,0,M,Southampton,0,0.12581687234342098,1.4505333565175533,1.0390476286411285
845,Maya Yoshida,5,371,0,0.9399021724238992,0,0,5,0,1,0,D S,Southampton,0,0.9399021724238992,0.4610424945130944,0.4521298408508301
847,Cédric Soares,3,270,0,0.3144943118095398,0,0.1745132952928543,1,3,0,0,D M,Southampton,0,0.3144943118095398,0.8010599464178085,0.34167619049549103
853,Paul Dummett,7,630,0,0.024163909256458282,0,0.012761619873344898,2,1,2,0,D,Newcastle United,0,0.024163909256458282,0.9160103416070342,0.9044441943988204
875,Ciaran Clark,1,90,0,0,0,0,0,0,0,0,D,Newcastle United,0,0,0.04998163506388664,0.04998163506388664
876,Fabian Delph,5,450,0,0.01838066056370735,0,0.1527999322861433,1,3,2,0,M,Everton,0,0.01838066056370735,0.9616158902645111,0.8759305477142334
882,Glenn Murray,7,264,0,1.102527461014688,0,0.8032588064670563,6,2,0,0,F S,Brighton,0,1.102527461014688,1.6258659129962325,0.08322526700794697
884,Matt Targett,2,154,0,0,1,0.33682630956172943,0,4,0,0,D,Aston Villa,0,0,1.883971929550171,1.5798098742961884
885,Kyle Walker-Peters,3,245,0,0.023991357535123825,0,0.0696899201720953,1,2,0,0,D,Tottenham,0,0.023991357535123825,0.48942799493670464,0.4720887057483196
887,Erik Pieters,8,687,0,0.07719396892935038,3,1.4592883810400963,4,8,0,0,D,Burnley,0,0.07719396892935038,2.4521556701511145,0.9935697922483087
888,Xherdan Shaqiri,2,7,0,0.018075916916131973,0,0,1,0,0,0,S,Liverpool,0,0.018075916916131973,0.018075916916131973,0
902,Sam Byram,3,181,0,0.04009231552481651,0,0,1,0,1,0,D S,Norwich,0,0.04009231552481651,0.05123387277126312,0.05123387277126312
922,Andreas Pereira,7,493,0,0.5109180100262165,1,1.2468359731137753,12,5,1,0,M S,Manchester United,0,0.5109180100262165,2.1447496339678764,0.5979522373527288
925,Patrick Roberts,3,19,0,0,0,0,0,0,0,0,S,Norwich,0,0,0,0
934,Axel Tuanzebe,3,181,0,0,0,0,0,0,0,0,D S,Manchester United,0,0,0.07685348391532898,0.07685348391532898
935,Kurt Zouma,7,541,0,0.2813053335994482,0,0,7,0,1,0,D S,Chelsea,0,0.2813053335994482,3.14082158729434,3.131437409669161
966,Alex Oxlade-Chamberlain,5,198,0,0.2321881651878357,0,0.0658381562680006,5,2,0,0,M S,Liverpool,0,0.2321881651878357,0.8032531514763832,0.5052268374711275
971,Harry Winks,8,589,0,0.17542358487844467,0,0.45969476364552975,6,6,3,0,M S,Tottenham,0,0.17542358487844467,2.9290162958204746,2.434956517070532
973,Paulo Gazzaniga,2,172,0,0,0,0,0,0,0,0,GK S,Tottenham,0,0,0.25049877166748047,0.25049877166748047
982,Tim Krul,6,540,0,0,0,0,0,0,0,0,GK,Norwich,0,0,1.5773485377430916,1.5773485377430916
985,Mason Holgate,1,15,0,0,0,0,0,0,0,0,S,Everton,0,0,0.02832202985882759,0.02832202985882759
987,Joseph Gomez,2,91,0,0,0,0.02203359641134739,0,1,0,0,D S,Liverpool,0,0,0.02203359641134739,0
1006,Luke Shaw,3,213,0,0.0495753288269043,0,0.19111530482769012,1,4,0,0,D,Manchester United,0,0.0495753288269043,0.4607013165950775,0.4382658302783966
1017,Matej Vydra,1,11,0,0,1,0.020001012831926346,0,1,0,0,S,Burnley,0,0,0.020001012831926346,0
1024,Tyrone Mings,8,720,0,0.15640424191951752,1,0.3387392684817314,1,2,1,0,D,Aston Villa,0,0.15640424191951752,1.6698078587651253,1.6698078587651253
1036,Jack Wilshere,5,144,0,0,0,0,0,0,0,0,M S,West Ham,0,0,0,0
1040,Angelino,1,41,0,0,0,0.7985694408416748,0,2,1,0,S,Manchester City,0,0,0.9256561398506165,0.9256561398506165
1042,Tom Davies,2,11,0,0,0,0,0,0,0,0,S,Everton,0,0,0,0
1053,Keinan Davis,4,35,0,0.06778343766927719,0,0.036154952831566334,1,2,0,0,S,Aston Villa,0,0.06778343766927719,0.41290784534066916,0.3989892601966858
1208,Felipe Anderson,7,561,0,1.1387150846421719,3,1.7721422873437405,14,12,1,0,M,West Ham,0,1.1387150846421719,4.420302852988243,1.9724523164331913
1217,Moritz Leitner,7,550,0,0.2003879901021719,0,0.3273824919015169,7,5,1,0,M S,Norwich,0,0.2003879901021719,3.967767223715782,3.5604987144470215
1234,Dennis Praet,5,258,0,0.12186283431947231,0,0.06448236107826233,3,1,0,0,M S,Leicester,0,0.12186283431947231,1.1168881636112928,0.9305429756641388
1245,Emerson,5,374,0,0.4614586904644966,0,0.7039824388921261,6,6,0,0,D,Chelsea,0,0.4614586904644966,2.223978526890278,1.4416543915867805
1257,Alisson,1,38,0,0,0,0,0,0,0,0,GK,Liverpool,0,0,0,0
1304,Moise Kean,8,269,0,0.8138796836137772,1,1.150139570236206,9,3,0,0,F S,Everton,0,0.8138796836137772,1.6303570866584778,0.1147436574101448
1545,Emil Krafth,6,422,0,0.3382335752248764,0,0,3,0,0,0,D M S,Newcastle United,0,0.3382335752248764,0.5069530382752419,0.16871946305036545
1621,Marcos Alonso,5,347,0,0.580597554333508,2,1.0834690667688847,3,7,2,0,D M S,Chelsea,0,0.580597554333508,3.590933680534363,2.9546326398849487
1651,Tom Heaton,8,720,0,0,0,0,0,0,0,0,GK,Aston Villa,0,0,0.4786949409171939,0.4786949409171939
1652,Matthew Lowton,8,720,0,0.014243402518332005,1,0.7993141952902079,1,9,0,0,D,Burnley,0,0.014243402518332005,1.509275896474719,0.9049345795065165
1653,Michael Keane,8,720,0,0.5804198607802391,0,0.061630070209503174,3,1,0,0,D,Everton,0,0.5804198607802391,0.5951010324060917,0.5334709621965885
1654,Ben Mee,8,720,0,0.07663752976804972,0,0.16643107309937477,4,3,0,0,D,Burnley,0,0.07663752976804972,0.6251719892024994,0.6011670343577862
1665,James Tarkowski,8,720,0,0.23976940009742975,0,0.1356768012046814,6,2,2,0,D,Burnley,0,0.23976940009742975,0.27865366637706757,0.27865366637706757
1677,Nathaniel Chalobah,1,16,0,0.08184975385665894,0,0,1,0,0,0,S,Watford,0,0.08184975385665894,0.11149571090936661,0.11149571090936661
1679,Dominic Solanke,8,374,0,1.175083827227354,0,0.42384042125195265,11,4,0,0,F S,Bournemouth,0,1.175083827227354,2.576927948743105,1.5817149430513382
1685,Ahmed Elmohamady,5,222,0,0,0,0.6188324317336082,0,7,0,0,D S,Aston Villa,0,0,1.1437367144972086,0.9864747524261475
1687,Harry Maguire,8,720,0,1.1270942138507962,0,0.15754256770014763,8,6,1,0,D,Manchester United,0,1.1270942138507962,1.5821258053183556,1.4792745150625706
1688,Andrew Robertson,8,720,0,0.695196770131588,2,1.4140775091946125,9,10,0,0,D,Liverpool,0,0.695196770131588,3.6958000138401985,2.6899489536881447
1691,Robert Snodgrass,4,140,0,0.26954926550388336,0,0.49300631508231163,2,2,1,0,M S,West Ham,0,0.26954926550388336,0.41030383110046387,0.11806648038327694
1719,Javier Manquillo,4,209,0,0,0,0.013571692630648613,0,1,1,0,D M S,Newcastle United,0,0,0.0647675059735775,0.05119581427425146
1724,Isaac Success,2,30,0,0.09479810297489166,0,0.05467768758535385,1,1,0,0,S,Watford,0,0.09479810297489166,0.17312870919704437,0.02365291491150856
1725,Christian Kabasele,3,270,0,0.020495634526014328,0,0,1,0,0,0,D,Watford,0,0.020495634526014328,0.5700499191880226,0.5700499191880226
1726,Abdoulaye Doucouré,8,704,0,1.3521823082119226,0,0.6953955367207527,13,10,1,0,M,Watford,0,1.3521823082119226,4.0753900445997715,2.8513778913766146
1729,Georges-Kévin Nkoudou,1,1,0,0.056358423084020615,0,0,1,0,0,0,S,Tottenham,0,0.056358423084020615,0.056358423084020615,0
1734,Sofiane Boufal,7,367,0,0.6391365872696042,2,1.7632111944258213,11,8,0,0,M S,Southampton,0,0.6391365872696042,3.3826968669891357,1.7071041390299797
1735,Jack Stephens,1,76,0,0,0,0,0,0,0,0,D,Southampton,0,0,0.5794821977615356,0.5794821977615356
1740,Paul Pogba,5,450,0,1.105639398097992,2,1.2481929957866669,9,13,0,0,M,Manchester United,0,0.34447054006159306,2.460714817047119,1.8189807757735252
1750,Ainsley Maitland-Niles,6,490,0,0.40764421597123146,2,1.3057147189974785,3,7,0,1,D,Arsenal,0,0.40764421597123146,2.673346519470215,1.1955523528158665
1760,Arthur Masuaku,4,339,0,0.031528474763035774,1,1.0935445241630077,2,4,1,1,D,West Ham,0,0.031528474763035774,2.563217654824257,2.406195342540741
1785,Nampalys Mendy,1,1,0,0,0,0,0,0,0,0,S,Leicester,0,0,0,0
1789,Lewis Cook,3,90,0,0,0,0,0,0,0,0,M S,Bournemouth,0,0,0.05478932335972786,0.05478932335972786
1822,Antonio Rüdiger,1,48,0,0.0745154619216919,0,0,1,0,0,0,D,Chelsea,0,0.0745154619216919,0.0655272826552391,0.0655272826552391
1823,Lucas Digne,8,705,0,0.40436616260558367,2,1.7491492507979274,11,17,1,0,D,Everton,0,0.40436616260558367,1.4181344378739595,0.9933642819523811
1883,Ravel Morrison,1,11,0,0.02669377438724041,0,0,1,0,0,0,S,Sheffield United,0,0.02669377438724041,0,0
1950,Martín Montoya,7,630,0,0.0806557685136795,0,0.4934089258313179,2,5,1,0,D M,Brighton,0,0.0806557685136795,2.5255977660417557,2.1299070566892624
2132,Jota,5,250,0,0.050109053030610085,1,0.5682314299046993,2,4,0,0,F M S,Aston Villa,0,0.050109053030610085,1.3808825872838497,0.7870244979858398
2182,Jefferson Lerma,8,642,0,0.09927379712462425,0,0.03822242468595505,5,1,4,0,M S,Bournemouth,0,0.09927379712462425,1.7984170503914356,1.6609208807349205
2190,Vicente Guaita,8,720,0,0,0,0,0,0,1,0,GK,Crystal Palace,0,0,0.49297572299838066,0.49297572299838066
2203,Emiliano Buendía,8,714,0,0.6660129632800817,4,1.8640301991254091,11,20,1,0,M,Norwich,0,0.6660129632800817,5.4205165803432465,3.551216382533312
2254,Mateo Kovacic,8,473,0,0.23665481433272362,1,0.5788947269320488,3,6,1,0,M S,Chelsea,0,0.23665481433272362,2.34000987932086,2.1035841070115566
2280,Jonny,7,554,0,0.221926711499691,0,0.12135466560721397,6,2,1,0,M S,Wolverhampton Wanderers,0,0.221926711499691,2.2555614691227674,1.9760321117937565
2335,Pablo Fornals,8,337,0,0.39629186503589153,0,0.20711037889122963,8,5,0,0,M S,West Ham,0,0.39629186503589153,0.568757800385356,0.15216049924492836
2344,Christian Atsu,6,434,0,0.17715603858232498,2,0.6255716234445572,3,9,1,0,M S,Newcastle United,0,0.17715603858232498,0.9870642498135567,0.2862574774771929
2379,João Cancelo,3,124,0,0.0268949493765831,0,0.4306655824184418,2,1,1,0,D S,Manchester City,0,0.0268949493765831,1.9631460905075073,1.9362511336803436
2383,André Gomes,5,319,0,0.011384276673197746,0,0.2681083381175995,1,4,2,0,M S,Everton,0,0.011384276673197746,0.5540678724646568,0.27457526326179504
2385,Mat Ryan,8,720,0,0,0,0,0,0,0,0,GK,Brighton,0,0,1.180134579539299,1.180134579539299
2390,Víctor Camarasa,1,3,0,0,0,0,0,0,0,0,S,Crystal Palace,0,0,0.06537716835737228,0.06537716835737228
2446,Dani Ceballos,8,443,0,0.21860811114311218,2,0.46007080748677254,7,9,0,0,M S,Arsenal,0,0.21860811114311218,2.9987889528274536,2.551459237933159
2498,Aymeric Laporte,4,306,0,0.08190283179283142,0,0.1450343132019043,1,2,1,0,D,Manchester City,0,0.08190283179283142,3.1033012717962265,3.034108027815819
2509,Dimitri Foulquier,1,32,0,0,0,0,0,0,0,0,M,Watford,0,0,0,0
2662,Christian Pulisic,5,286,0,0.8302406221628189,2,0.9948192127048969,4,5,0,0,F S,Chelsea,0,0.8302406221628189,2.8633534908294678,1.8617497384548187
2958,Oleksandr Zinchenko,7,582,0,0.2865631803870201,0,0.6756686009466648,8,11,0,0,D S,Manchester City,0,0.2865631803870201,6.240607857704163,5.848209206014872
3203,Issa Diop,8,720,0,0.6391581520438194,0,0.4077252149581909,4,1,1,0,D,West Ham,0,0.6391581520438194,0.6731364130973816,0.6120378971099854
3253,Frederic Guilbert,6,537,0,0.2016809731721878,1,0.25377182103693485,4,4,2,0,D,Aston Villa,0,0.2016809731721878,1.5447360221296549,1.2637783382087946
3357,Djibril Sidibe,1,29,0,0,0,0,0,0,1,0,S,Everton,0,0,0.06730467826128006,0.06730467826128006
3358,Ibrahim Amadou,5,415,0,0.37421488761901855,0,0,1,0,1,0,D S,Norwich,0,0.37421488761901855,0.5214211791753769,0.5214211791753769
3389,Benjamin Mendy,1,49,0,0,0,0,0,0,0,0,D,Manchester City,0,0,0.6781588196754456,0.6781588196754456
3420,Fabinho,8,644,0,0.049681139178574085,1,0.7770644556730986,3,9,3,0,M S,Liverpool,0,0.049681139178574085,3.5417139381170273,3.023740217089653
3422,João Moutinho,8,630,0,0,1,0.8543776273727417,0,13,1,0,M S,Wolverhampton Wanderers,0,0,1.9124212004244328,1.8267737105488777
3600,Serge Aurier,3,210,0,0.12604904547333717,1,0.18184788525104523,2,4,0,1,D,Tottenham,0,0.12604904547333717,0.9876230284571648,0.7945902198553085
4764,Jean-Philippe Gbamin,2,135,0,0,0,0,0,0,0,0,M S,Everton,0,0,0,0
5043,Kiko Femenía,6,540,0,0.08743352815508842,0,0.7109363116323948,3,8,2,0,D M,Watford,0,0.08743352815508842,1.649489788338542,1.2992478143423796
5061,Kepa,8,720,0,0,0,0,0,0,0,0,GK,Chelsea,0,0,1.8551037348806858,1.8551037348806858
5065,Diego Rico,5,450,0,0.032971277832984924,2,1.4289523381739855,2,11,1,0,D M,Bournemouth,0,0.032971277832984924,0.8989985026419163,0.4891394302248955
5087,Roberto Jiménez,2,147,0,0,0,0,0,0,0,0,GK S,West Ham,0,0,0,0
5234,Jesús Vallejo,1,90,0,0,0,0,0,0,0,0,D,Wolverhampton Wanderers,0,0,0.05839471146464348,0.05839471146464348
5245,Bernardo,2,72,0,0,0,0.30253636837005615,0,1,0,0,M S,Brighton,0,0,0.39993149042129517,0.09739510715007782
5261,Kevin Danso,3,213,0,0,1,0.07897821068763733,0,1,0,1,D,Southampton,0,0,0.18012087419629097,0.18012087419629097
5264,Caglar Söyüncü,8,720,0,0.03157912194728851,1,0.02524409629404545,1,1,1,0,D,Leicester,0,0.03157912194728851,0.7400274574756622,0.7084483355283737
5544,Angus Gunn,8,720,0,0,0,0,0,0,0,0,GK,Southampton,0,0,0.4860546290874481,0.4860546290874481
5552,Nick Pope,8,720,0,0,0,0.0613393560051918,0,2,0,0,GK,Burnley,0,0,0.7109181880950928,0.6876525320112705
5553,Declan Rice,8,720,0,0.10718201659619808,0,0.04169542156159878,5,2,1,0,M,West Ham,0,0.10718201659619808,0.9390778914093971,0.7902004476636648
5573,Domingos Quina,1,1,0,0,0,0,0,0,0,0,S,Watford,0,0,0,0
5584,Aaron Wan-Bissaka,6,540,0,0.3137691244482994,0,0.3586643673479557,2,4,2,0,D,Manchester United,0,0.3137691244482994,2.0883485078811646,1.6292213201522827
5598,Angel Gomes,1,8,0,0,0,0,0,0,0,0,S,Manchester United,0,0,0.023194000124931335,0.023194000124931335
5603,Aaron Ramsdale,8,720,0,0,1,0.49542611837387085,0,1,0,0,GK,Bournemouth,0,0,0.986234650015831,0.49080852419137955
5609,Yves Bissouma,3,57,0,0.025975173339247704,0,0,1,0,0,0,M S,Brighton,0,0.025975173339247704,0.025975173339247704,0
5675,Ismaila Sarr,5,163,0,0.19974360056221485,0,0.5180182326585054,4,2,0,0,F S,Watford,0,0.19974360056221485,1.0721109174191952,0.35434911772608757
5681,Giovani Lo Celso,3,37,0,0.020456328988075256,0,0.03738454356789589,1,2,0,0,S,Tottenham,0,0.020456328988075256,0.14320862293243408,0.08536774665117264
5759,Matteo Guendouzi,8,697,0,0.42070822045207024,1,0.7704513855278492,6,7,2,0,M,Arsenal,0,0.42070822045207024,3.8662081956863403,2.875337392091751
6033,Aaron Mooy,5,240,0,0.17758786492049694,0,0.05544998496770859,3,2,0,0,F M S,Brighton,0,0.17758786492049694,0.9484859704971313,0.7398047745227814
6034,Philip Billing,8,679,0,0.3691287888213992,1,0.6317941546440125,10,4,3,0,M,Bournemouth,0,0.3691287888213992,1.5553460204973817,1.1986150918528438
6042,Jan Bednarek,8,720,0,0.05717216059565544,0,0.12154563516378403,1,1,1,0,D,Southampton,0,0.05717216059565544,1.2558010518550873,1.2558010518550873
6044,Charlie Taylor,1,33,0,0,0,0.06827950477600098,0,1,0,0,S,Burnley,0,0,0.06827950477600098,0.06827950477600098
6047,Shane Duffy,4,360,0,0.01234725397080183,0,0,1,0,0,0,D,Brighton,0,0.01234725397080183,1.0861263498663902,1.0737790986895561
6048,Lewis Dunk,8,720,0,0.0881021786481142,2,0.47202862799167633,2,2,4,0,D,Brighton,0,0.0881021786481142,2.5357180759310722,2.4583458993583918
6049,Solly March,5,431,0,0.22312448546290398,1,0.9052177481353283,5,7,0,0,F M,Brighton,0,0.22312448546290398,1.9889507740736008,1.019658014178276
6050,Davy Pröpper,6,540,0,0.9377393964678049,1,0.7847111951559782,8,7,0,0,M,Brighton,0,0.9377393964678049,3.2960034757852554,1.9825675636529922
6051,Dale Stephens,8,711,0,0.16617443412542343,0,0.1137850470840931,8,3,1,0,M,Brighton,0,0.16617443412542343,2.913388840854168,2.825620897114277
6054,Ederson,8,720,0,0,0,0,0,0,2,0,GK,Manchester City,0,0,2.4398775808513165,2.4398775808513165
6055,Phil Foden,1,9,0,0,0,0,0,0,0,0,S,Manchester City,0,0,0,0
6062,Isaac Hayden,7,582,0,0.13032490760087967,1,1.250675082206726,6,4,1,1,M,Newcastle United,0,0.13032490760087967,1.5275886580348015,0.1620234241709113
6080,Victor Lindelöf,7,630,0,0,0,0.29524232260882854,0,2,1,0,D,Manchester United,0,0,1.3589958772063255,1.3589958772063255
6105,Gaëtan Bong,4,53,0,0,0,0.11898884922266006,0,2,0,0,S,Brighton,0,0,0.15665270946919918,0.03766385931521654
6249,Davinson Sánchez,4,360,0,0.5040512084960938,0,0.03628891706466675,2,1,1,0,D,Tottenham,0,0.5040512084960938,0.5629503838717937,0.526661466807127
6382,Pedro Neto,5,114,0,0.06651783734560013,1,0.9038633108139038,1,2,1,0,M S,Wolverhampton Wanderers,0,0.06651783734560013,1.4666111264377832,1.2562687192112207
6418,Hamza Choudhury,8,314,0,0.1314941830933094,1,0.08810355141758919,3,3,1,0,M S,Leicester,0,0.1314941830933094,0.814150795340538,0.7471638657152653
6456,Callum Hudson-Odoi,2,108,0,0.46834897994995117,2,0.298747718334198,2,4,0,0,M S,Chelsea,0,0.46834897994995117,0.8301937729120255,0.06309706717729568
6477,Cenk Tosun,1,33,0,0.06720712780952454,0,0.012496705166995525,1,1,0,0,S,Everton,0,0.06720712780952454,0.07970383018255234,0
6492,Reiss Nelson,4,151,0,0.3481733649969101,0,0.05305315554141998,4,3,1,0,M S,Arsenal,0,0.3481733649969101,0.5596851855516434,0.19625121355056763
6504,Michael Obafemi,3,40,0,0,0,0,0,0,0,0,S,Southampton,0,0,0,0
6521,Yerry Mina,8,720,0,0.8269854821264744,0,0,9,0,1,0,D,Everton,0,0.8269854821264744,0.9655384905636311,0.9655384905636311
6532,Martin Dubravka,8,720,0,0,0,0,0,0,0,0,GK,Newcastle United,0,0,0.5338255232200027,0.5338255232200027
6542,Jürgen Locadia,2,84,0,0.3997017852962017,0,0,2,0,0,0,F S,Brighton,0,0.3997017852962017,0.10170037858188152,0.043615104630589485
6630,Joe Willock,7,303,0,0.10947296768426895,0,0.4007529728114605,3,7,0,0,M S,Arsenal,0,0.10947296768426895,1.7158982679247856,1.4149373397231102
6756,Dwight McNeil,8,706,0,0.3254495933651924,2,1.55928086489439,10,8,0,0,M,Burnley,0,0.3254495933651924,2.3352957256138325,0.844855822622776
6817,Fred,4,143,0,0.02820979431271553,0,0.16798698902130127,2,3,1,0,M S,Manchester United,0,0.02820979431271553,0.25982677564024925,0.15478871203958988
6849,Rui Patrício,8,720,0,0,0,0,0,0,0,0,GK,Wolverhampton Wanderers,0,0,0.3331596739590168,0.3331596739590168
6850,Willy Boly,7,630,0,0,1,0.9117432646453381,0,5,0,1,D,Wolverhampton Wanderers,0,0,2.423205366358161,1.5700475219637156
6851,Conor Coady,8,720,0,0,0,0.02750217169523239,0,1,1,0,D,Wolverhampton Wanderers,0,0,1.0855696890503168,1.0580675173550844
6856,Rúben Vinagre,2,166,0,0.033274199813604355,0,0,1,0,1,0,M,Wolverhampton Wanderers,0,0.033274199813604355,0.033274199813604355,0
6857,Morgan Gibbs-White,3,115,0,0.07185499556362629,0,0.0708760917186737,2,3,0,0,M S,Wolverhampton Wanderers,0,0.07185499556362629,0.30642930790781975,0.19279927760362625
6891,Ryan Fredericks,8,711,0,0,1,0.6635474748909473,0,9,2,0,D,West Ham,0,0,2.134012706577778,1.801479272544384
6892,Fabián Balbuena,2,91,0,0,0,0,0,0,1,0,D S,West Ham,0,0,0,0
6893,Stuart Armstrong,6,53,0,0.32500399090349674,0,0,2,0,1,0,S,Southampton,0,0.32500399090349674,1.1134415660053492,0.7884376049041748
7078,Sean Longstaff,6,443,0,0.11632531322538853,1,0.685908854007721,4,9,1,0,M S,Newcastle United,0,0.11632531322538853,0.7310164645314217,0.591504193842411
7152,Björn Engels,8,707,0,0.1789148598909378,0,0,2,0,1,0,D,Aston Villa,0,0.1789148598909378,2.7277097553014755,2.7277097553014755
7198,Oliver Skipp,2,2,0,0,0,0,0,0,0,0,S,Tottenham,0,0,0,0
7236,Leander Dendoncker,8,593,0,0.6950829401612282,0,0.11218187212944031,4,2,0,0,M S,Wolverhampton Wanderers,0,0.6950829401612282,1.7747114412486553,1.4965642485767603
7280,Yan Valery,4,326,0,0.13340546190738678,0,1.143116295337677,1,2,0,0,D M,Southampton,0,0.13340546190738678,1.535491943359375,0.8226042985916138
7281,Diogo Dalot,1,62,0,0,0,0,0,0,0,0,D,Manchester United,0,0,0.018821140751242638,0.018821140751242638
7322,Bukayo Saka,3,216,0,0.6451331526041031,1,0.9127371460199356,4,5,0,0,F M,Arsenal,0,0.6451331526041031,2.207362711429596,1.2236878722906113
7382,Dan Burn,8,720,0,0.8967155758291483,0,0.7544943988323212,6,7,0,0,D M,Brighton,0,0.8967155758291483,3.2993182837963104,2.423068191856146
7420,Miguel Almirón,8,671,0,1.268758662045002,0,0.07071123458445072,11,3,2,0,F M,Newcastle United,0,1.268758662045002,1.9673557057976723,0.7024302519857883
7439,Tahith Chong,2,20,0,0,0,0,0,0,0,0,S,Manchester United,0,0,0.014117863029241562,0.014117863029241562
7490,Mason Greenwood,6,74,0,0.22770193219184875,0,0,4,0,0,0,S,Manchester United,0,0.22770193219184875,0.22770193219184875,0
7688,Max Aarons,6,540,0,0.17677532695233822,0,0.7955951392650604,5,3,2,0,D,Norwich,0,0.17677532695233822,3.1927784718573093,2.492839425802231
7689,Ben Godfrey,8,720,0,0.10824164655059576,0,0,3,0,0,0,D,Norwich,0,0.10824164655059576,2.7699785977602005,2.7609801292419434
7690,Grant Hanley,3,270,0,0.13126046396791935,0,0,2,0,0,0,D,Norwich,0,0.13126046396791935,0.46258555352687836,0.46258555352687836
7691,Jamal Lewis,8,720,0,0.01665405184030533,0,0.5635909419506788,1,7,0,0,D,Norwich,0,0.01665405184030533,1.849834367632866,1.3481277078390121
7692,Tom Trybull,4,335,0,0.05510001443326473,0,0.05025540664792061,2,1,0,0,M,Norwich,0,0.05510001443326473,1.423277623951435,1.423277623951435
7694,Marco Stiepermann,8,624,0,0.8736140951514244,0,0.5561820715665817,13,5,2,0,M,Norwich,0,0.8736140951514244,3.632501147687435,2.4055621828883886
7697,Onel Hernández,1,17,0,0.049240197986364365,0,0,1,0,0,0,S,Norwich,0,0.049240197986364365,0.058238666504621506,0.008998467586934566
7699,Adam Webster,5,450,0,0.037213440984487534,0,0.30616342183202505,1,4,1,0,D,Brighton,0,0.037213440984487534,1.0472984313964844,0.899911679327488
7700,Che Adams,7,469,0,2.568230677396059,0,0.8260581213980913,13,6,0,0,F S,Southampton,0,2.568230677396059,2.6492239832878113,0.3458316996693611
7702,Dean Henderson,8,720,0,0.03304080665111542,0,0,1,0,1,0,GK,Sheffield United,0,0.03304080665111542,0,0
7703,John Egan,8,720,0,0.03146170452237129,0,0,1,0,0,0,D,Sheffield United,0,0.03146170452237129,1.2290814146399498,1.2290814146399498
7704,Chris Basham,8,692,0,0.22099622525274754,0,0.4263857025653124,3,2,0,0,D,Sheffield United,0,0.22099622525274754,1.3061186708509922,1.0851224511861801
7705,Jack O&#039;Connell,8,720,0,0.3174935467541218,0,0.04125465452671051,6,1,1,0,D,Sheffield United,0,0.3174935467541218,1.7990475902333856,1.7990475902333856
7706,George Baldock,8,720,0,0.07915525324642658,1,0.22050278261303902,3,4,2,0,M,Sheffield United,0,0.07915525324642658,2.3252791203558445,2.130666885524988
7707,Enda Stevens,8,720,0,0.15077852085232735,1,0.76886220369488,4,8,0,0,M,Sheffield United,0,0.15077852085232735,2.741395525634289,2.3983900621533394
7709,John Fleck,6,478,0,0.4754875609651208,0,0.8933677412569523,9,9,2,0,M,Sheffield United,0,0.4754875609651208,1.7538285721093416,0.5434333020821214
7710,Oliver Norwood,8,684,0,0.12429321836680174,0,1.0308473370969296,4,17,1,0,M,Sheffield United,0,0.12429321836680174,1.787463504821062,1.6354828383773565
7711,David McGoldrick,5,325,0,2.409532308578491,0,0,10,0,0,0,F S,Sheffield United,0,2.409532308578491,2.255536513403058,0.24630537815392017
7713,Luke Freeman,4,243,0,0.034158024936914444,0,0.10943973064422607,2,2,1,0,M S,Sheffield United,0,0.034158024936914444,0.5467128157615662,0.40311507135629654
7714,Ben Osborn,2,9,0,0,0,0.12719765305519104,0,1,0,0,S,Sheffield United,0,0,0.12719765305519104,0
7722,Trézéguet,7,407,0,1.0833547674119473,1,0.16202799417078495,11,5,2,1,F M S,Aston Villa,0,1.0833547674119473,2.0470548551529646,0.9096939470618963
7725,Jonathan Kodjia,1,15,0,0,0,0,0,0,0,0,S,Aston Villa,0,0,0,0
7726,Ezri Konsa Ngoyo,1,13,0,0,0,0,0,0,0,0,S,Aston Villa,0,0,0,0
7727,Henri Lansbury,2,5,0,0,0,0,0,0,0,0,S,Aston Villa,0,0,0,0
7752,Gabriel Martinelli,2,29,0,0.08024445176124573,0,0,1,0,1,0,S,Arsenal,0,0.08024445176124573,0.08024445176124573,0
7822,Dennis Srbeny,3,16,0,0,0,0,0,0,0,0,S,Norwich,0,0,0,0
7823,Jack Stacey,4,351,0,0.09804361313581467,0,0.09246913343667984,1,1,2,0,D,Bournemouth,0,0.09804361313581467,1.346480168402195,1.1559674590826035
7988,Billy Gilmour,1,5,0,0,0,0,0,0,0,0,S,Chelsea,0,0,0,0
7990,Christoph Zimmermann,1,35,0,0,0,0,0,0,0,0,D,Norwich,0,0,0.4662085175514221,0.4662085175514221
8020,Steven Alzate,3,270,0,0.05273857340216637,0,0.08473721146583557,1,2,1,0,M,Brighton,0,0.05273857340216637,0.553839735686779,0.43180812150239944
8022,Michael McGovern,2,159,0,0,0,0,0,0,0,0,GK S,Norwich,0,0,0.1004980057477951,0.1004980057477951
8040,Marvelous Nakamba,4,351,0,0.01634916104376316,0,0.169957984238863,1,4,0,0,M,Aston Villa,0,0.01634916104376316,2.380394607782364,2.228275567293167
8045,Eric Garcia,1,24,0,0,0,0,0,0,0,0,S,Manchester City,0,0,0.7128305435180664,0.7128305435180664
8061,Leon Clarke,1,12,0,0.42813047766685486,0,0,1,0,0,0,S,Sheffield United,0,0.42813047766685486,0.4880923330783844,0.05996185913681984
8066,Arnaut Danjuma Groeneveld,2,17,0,0.025146106258034706,0,0,1,0,0,0,S,Bournemouth,0,0.025146106258034706,0.12174257077276707,0.09659646451473236
